漢字,音読み,訓読み,画数,習う学年
一,イチ・イツ,ひと・ひと(つ),1画,1年
二,ニ,ふた・ふた(つ),2画,1年
七,シチ,なな・なの・なな(つ),2画,1年
八,ハチ,やっ(つ)・よう・や(つ),2画,1年
九,キュウ・ク,ここの・ここの(つ),2画,1年
十,ジュウ・ジッ,とお・と,2画,1年
人,ニン・ジン,ひと,2画,1年
力,リョク・リキ,ちから,2画,1年
入,ニュウ,はい(る)・い(れる)・い(る),2画,1年
刀,トウ,かたな,2画,2年
丁,チョウ,―,2画,3年
三,サン,み・みっ(つ)・み(つ),3画,1年
千,セン,ち,3画,1年
子,シ・ス,こ,3画,1年
女,ジョ,おんな,3画,1年
上,ジョウ,うえ・かみ・のぼ(る)・あ(げる)・あ(がる)・うわ,3画,1年
下,ゲ・カ,した・しも・さ(げる)・さ(がる)・くだ(る)・くだ(す)・お(ろす)・お(りる),3画,1年
大,ダイ・タイ,おお(きい)・おお・おお(いに),3画,1年
小,ショウ,ちい(さい)・こ・お,3画,1年
山,サン,やま,3画,1年
川,―,かわ,3画,1年
土,ド・ト,つち,3画,1年
夕,―,ゆう,3画,1年
口,コウ・ク,くち,3画,1年
万,マン,―,3画,2年
才,サイ,―,3画,2年
弓,―,ゆみ,3画,2年
丸,ガン,まる・まる(い)・まる(める),3画,2年
工,コウ・ク,―,3画,2年
士,シ,―,3画,5年
久,キュウ,ひさ(しい),3画,5年
亡,ボウ,―,3画,6年
寸,スン,―,3画,6年
己,コ,―,3画,6年
干,カン,ほ(す),3画,6年
五,ゴ,いつ・いつ(つ),4画,1年
六,ロク,むっ(つ)・むい・む・む(つ),4画,1年
月,ガツ・ゲツ,つき,4画,1年
火,カ,ひ,4画,1年
水,スイ,みず,4画,1年
木,モク・ボク,き・こ,4画,1年
日,ニチ・ジツ,ひ・か,4画,1年
円,エン,まる(い),4画,1年
天,テン,あま,4画,1年
文,ブン・モン,―,4画,1年
中,チュウ・ジュウ,なか,4画,1年
王,オウ,―,4画,1年
犬,ケン,いぬ,4画,1年
手,シュ,て,4画,1年
方,ホウ,かた,4画,2年
止,シ,と(まる)・と(める),4画,2年
今,コン,いま,4画,2年
公,コウ,―,4画,2年
切,セツ,き(る)・き(れる),4画,2年
分,ブン・フン・ブ,わ(かる)・わ(ける)・わ(かれる)・わ(かつ),4画,2年
元,ゲン・ガン,もと,4画,2年
内,ナイ,うち,4画,2年
午,ゴ,―,4画,2年
太,タ・タイ,ふと(い)・ふと(る),4画,2年
友,ユウ,とも,4画,2年
少,ショウ,すく(ない)・すこ(し),4画,2年
引,イン,ひ(く)・ひ(ける),4画,2年
心,シン,こころ,4画,2年
戸,コ,と,4画,2年
毛,モウ,け,4画,2年
牛,ギュウ,うし,4画,2年
父,フ,ちち,4画,2年
予,ヨ,―,4画,3年
反,ハン,そ(る),4画,3年
区,ク,―,4画,3年
化,カ,ば(ける)・ば(かす),4画,3年
夫,フ,おっと,4画,4年
不,フ・ブ,―,4画,4年
氏,シ,―,4画,4年
欠,ケツ,か(ける)・か(く),4画,4年
井,―,い,4画,4年
仏,ブツ,ほとけ,4画,5年
比,ヒ,くら(べる),4画,5年
支,シ,ささ(える),4画,5年
片,―,かた,4画,6年
仁,ジン,―,4画,6年
収,シュウ,おさ(まる)・おさ(める),4画,6年
尺,シャク,―,4画,6年
四,シ,よん・よっ(つ)・よ(つ)・よ,5画,1年
生,セイ・ショウ,い(きる)・い(ける)・い(かす)・なま・う(まれる)・う(む)・は(える)・は(やす),5画,1年
本,ホン,もと,5画,1年
右,ウ・ユウ,みぎ,5画,1年
左,サ,ひだり,5画,1年
白,ハク,しろ・しろ(い)・しら,5画,1年
正,セイ・ショウ,ただ(しい)・まさ・ただ(す),5画,1年
田,デン,た,5画,1年
目,モク,め,5画,1年
立,リツ,た(つ)・た(てる),5画,1年
出,シュツ,で(る)・だ(す),5画,1年
玉,ギョク,たま,5画,1年
石,セキ・シャク,いし,5画,1年
母,ボ,はは,5画,2年
兄,キョウ,あに,5画,2年
冬,トウ,ふゆ,5画,2年
古,コ,ふる(い)・ふる(す),5画,2年
台,ダイ・タイ,―,5画,2年
外,ガイ,そと・ほか・はず(す)・はず(れる),5画,2年
北,ホク,きた,5画,2年
市,シ,いち,5画,2年
半,ハン,なか(ば),5画,2年
広,コウ,ひろ(い)・ひろ(がる)・ひろ(める)・ひろ(まる)・ひろ(げる),5画,2年
用,ヨウ,もち(いる),5画,2年
矢,―,や,5画,2年
礼,レイ,―,5画,3年
由,ユ・ユウ,―,5画,3年
平,ヘイ・ビョウ,ひら・たい(ら),5画,3年
氷,ヒョウ,こおり,5画,3年
皮,ヒ,かわ,5画,3年
代,ダイ・タイ,か(わる)・か(える)・よ,5画,3年
打,ダ,う(つ),5画,3年
他,タ,ほか,5画,3年
世,セ・セイ,よ,5画,3年
申,―,もう(す),5画,3年
主,シュ,おも・ぬし,5画,3年
写,シャ,うつ(す)・うつ(る),5画,3年
仕,シ,つか(える),5画,3年
皿,―,さら,5画,3年
号,ゴウ,―,5画,3年
去,キョ・コ,さ(る),5画,3年
央,オウ,―,5画,3年
令,レイ,―,5画,4年
民,ミン,―,5画,4年
未,ミ,―,5画,4年
末,マツ,すえ,5画,4年
包,ホウ,つつ(む),5画,4年
辺,ヘン,あた(り)・べ,5画,4年
付,フ,つ(く)・つ(ける),5画,4年
必,ヒツ,かなら(ず),5画,4年
失,シツ,うしな(う),5画,4年
司,シ,―,5画,4年
札,サツ,ふだ,5画,4年
功,コウ,―,5画,4年
加,カ,くわ(える)・くわ(わる),5画,4年
以,イ,―,5画,4年
弁,ベン,―,5画,5年
布,フ,ぬの,5画,5年
犯,ハン,―,5画,5年
示,ジ,しめ(す),5画,5年
史,シ,―,5画,5年
句,ク,―,5画,5年
旧,キュウ,―,5画,5年
刊,カン,―,5画,5年
可,カ,―,5画,5年
永,エイ,なが(い),5画,5年
圧,アツ,―,5画,5年
幼,ヨウ,おさな(い),5画,6年
庁,チョウ,―,5画,6年
処,ショ,―,5画,6年
冊,サツ,―,5画,6年
穴,―,あな,5画,6年
百,ヒャク,―,6画,1年
名,メイ・ミョウ,な,6画,1年
休,キュウ,やす(む)・やす(まる)・やす(める),6画,1年
先,セン,さき,6画,1年
気,キ・ケ,―,6画,1年
字,ジ,―,6画,1年
年,ネン,とし,6画,1年
早,ソウ,はや(い)・はや(める)・はや(まる),6画,1年
竹,チク,たけ,6画,1年
虫,チュウ,むし,6画,1年
糸,シ,いと,6画,1年
耳,―,みみ,6画,1年
合,ゴウ・ガッ・カッ,あ(う)・あ(わせる)・あ(わす),6画,2年
同,ドウ,おな(じ),6画,2年
会,カイ,あ(う),6画,2年
行,ギョウ・コウ,い(く)・ゆ(く)・おこな(う),6画,2年
羽,―,はね・は,6画,2年
光,コウ,ひかり・ひか(る),6画,2年
色,ショク・シキ,いろ,6画,2年
多,タ,おお(い),6画,2年
寺,ジ,てら,6画,2年
当,トウ,あ(たる)・あ(てる),6画,2年
池,チ,いけ,6画,2年
回,カイ,まわ(る)・まわ(す),6画,2年
地,チ・ジ,―,6画,2年
毎,マイ,―,6画,2年
考,コウ,かんが(える),6画,2年
米,マイ・ベイ,こめ,6画,2年
肉,ニク,―,6画,2年
交,コウ,まじ(わる)・まじ(える)・ま(じる)・ま(ぜる)・ま(ざる),6画,2年
自,ジ・シ,むずか(ら),6画,2年
西,セイ・サイ,にし,6画,2年
列,レツ,―,6画,3年
両,リョウ,―,6画,3年
羊,ヨウ,ひつじ,6画,3年
有,ユウ,あ(る),6画,3年
全,ゼン,すべ(て)・まった(く),6画,3年
州,シュウ,―,6画,3年
守,シュ・ス,まも(る),6画,3年
式,シキ,―,6画,3年
次,ジ,つぎ・つ(ぐ),6画,3年
死,シ,し(ぬ),6画,3年
向,コウ,む(かう)・む(ける)・む(く)・む(こう),6画,3年
血,ケツ,ち,6画,3年
曲,キョク,ま(がる)・ま(げる),6画,3年
安,アン,やす(い),6画,3年
老,ロウ,お(いる),6画,4年
灯,トウ,―,6画,4年
伝,デン,つた(える)・つた(わる)・つた(う),6画,4年
兆,チョウ,―,6画,4年
仲,―,なか,6画,4年
争,ソウ,あらそ(う),6画,4年
成,セイ,な(す)・な(る),6画,4年
好,コウ,す(く)・この(む),6画,4年
共,キョウ,とも,6画,4年
各,カク,―,6画,4年
印,イン,しるし,6画,4年
衣,イ,ころも,6画,4年
任,ニン,まか(す)・まか(せる),6画,5年
団,ダン,―,6画,5年
在,ザイ,あ(る),6画,5年
再,サイ・サ,ふたた(び),6画,5年
件,ケン,―,6画,5年
仮,カ,かり,6画,5年
因,イン,―,6画,5年
宅,タク,ー,6画,6年
存,ソン・ゾン,―,6画,6年
舌,―,した,6画,6年
至,シ,いた(る),6画,6年
后,コウ,―,6画,6年
吸,キュウ,す(う),6画,6年
机,―,つくえ,6画,6年
危,キ,あぶ(ない),6画,6年
灰,―,はい,6画,6年
宇,ウ,ー,6画,6年
花,カ,はな,7画,1年
男,ダン・ナン,おとこ,7画,1年
町,チョウ,まち,7画,1年
赤,セキ,あか・あか(い)・あか(らむ)・あか(らめる),7画,1年
見,ケン,み(る)・み(える)・み(せる),7画,1年
貝,―,かい,7画,1年
足,ソク,あし・た(す)・た(りる)・た(る),7画,1年
車,シャ,くるま,7画,1年
村,ソン,むら,7画,1年
声,セイ,こえ,7画,2年
体,タイ,からだ,7画,2年
走,ソウ,はし(る),7画,2年
里,リ,さと,7画,2年
形,ケイ・ギョウ,かた・かたち,7画,2年
図,ズ・ト,―,7画,2年
売,バイ,う(る)・う(れる),7画,2年
弟,ダイ,おとうと,7画,2年
何,―,なに・なん,7画,2年
作,サク・サ,つく(る),7画,2年
角,カク,かど・つの,7画,2年
汽,キ,―,7画,2年
近,キン,ちか(い),7画,2年
来,ライ,く(る),7画,2年
社,シャ,やしろ,7画,2年
言,ゲン・ゴン,い(う)・こと,7画,2年
谷,―,たに,7画,2年
麦,―,むぎ,7画,2年
役,ヤク,―,7画,3年
返,ヘン,かえ(す)・かえ(る),7画,3年
豆,トウ・ズ,まめ,7画,3年
投,トウ,な(げる),7画,3年
対,タイ,―,7画,3年
身,シン,み,7画,3年
助,ジョ,たす(ける)・たす(かる),7画,3年
住,ジュウ,す(む)・す(まう),7画,3年
坂,―,さか,7画,3年
決,ケツ,き(める)・き(まる),7画,3年
君,クン,きみ,7画,3年
局,キョク,―,7画,3年
究,キュウ,―,7画,3年
医,イ,―,7画,3年
労,ロウ,―,7画,4年
冷,レイ,つめ(たい)・ひ(える)・ひ(やす)・ひ(や)・ひ(やかす)・さ(める)・さ(ます),7画,4年
良,リョウ,よ(い),7画,4年
利,リ,―,7画,4年
別,ベツ,わか(れる),7画,4年
兵,ヘイ・ヒョウ,―,7画,4年
努,ド,つと(める),7画,4年
低,テイ,ひく(い)・ひく(まる)・ひく(める),7画,4年
束,ソク,たば,7画,4年
折,セツ,お(る)・お(れる)・おり,7画,4年
臣,ジン・シン,―,7画,4年
初,ショ,はつ・はじ(め)・はじ(めて),7画,4年
児,ジ,―,7画,4年
阪,―,―,7画,4年
材,ザイ,―,7画,4年
佐,サ,―,7画,4年
芸,ゲイ,―,7画,4年
求,キュウ,もと(める),7画,4年
希,キ,―,7画,4年
岐,―,―,7画,4年
完,カン,―,7画,4年
改,カイ,あらた(まる)・あらた(める),7画,4年
沖,―,おき,7画,4年
位,イ,くらい,7画,4年
余,ヨ,あま(る)・あま(す),7画,5年
防,ボウ,ふせ(ぐ),7画,5年
判,ハン・バン,―,7画,5年
状,ジョウ,―,7画,5年
条,ジョウ,―,7画,5年
序,ジョ,―,7画,5年
似,―,に(る),7画,5年
志,シ,こころざし・こころざ(す),7画,5年
災,サイ,―,7画,5年
告,コク,つ(げる),7画,5年
均,キン,―,7画,5年
技,ギ,―,7画,5年
快,カイ,こころよ(い),7画,5年
応,オウ,こた(える),7画,5年
囲,イ,かこ(む)・かこ(う),7画,5年
卵,―,たまご,7画,6年
乱,ラン,みだ(れる)・みだ(す),7画,6年
忘,―,わす(れる),7画,6年
批,ヒ,―,7画,6年
否,ヒ,―,7画,6年
私,シ,わたし・わたくし,7画,6年
困,コン,こま(る),7画,6年
孝,コウ,ー,7画,6年
系,ケイ,―,7画,6年
我,―,われ,7画,6年
青,セイ,あお・あお(い),8画,1年
空,クウ,そら・から・あ(ける)・あ(く),8画,1年
雨,ウ,あめ・あま,8画,1年
林,リン,はやし,8画,1年
学,ガク,まな(ぶ),8画,1年
金,キン・コン,かね・かな,8画,1年
歩,ホ,ある(く)・あゆ(む),8画,2年
国,コク,くに,8画,2年
明,メイ・ミョウ,あか(るい)・あ(かり)・あき(らか)・あ(かす)・あ(ける)・あ(くる)・あ(く)・あか(らむ)・あか(るむ),8画,2年
姉,―,あね,8画,2年
妹,―,いもうと,8画,2年
夜,ヤ,よ・よる,8画,2年
岩,ガン,いわ,8画,2年
店,テン,みせ,8画,2年
東,トウ,ひがし,8画,2年
京,キョウ,―,8画,2年
画,カク・ガ,―,8画,2年
直,チョク・ジキ,なお(す)・なお(る)・ただ(ちに),8画,2年
知,チ,し(る),8画,2年
長,チョウ,なが(い),8画,2年
門,モン,―,8画,2年
和,ワ,―,8画,3年
油,ユ,あぶら,8画,3年
命,メイ,いのち,8画,3年
味,ミ,あじ・あじ(わう),8画,3年
放,ホウ,はな(す)・はな(れる)・はな(つ)・ほう(る),8画,3年
物,ブツ・モツ,もの,8画,3年
服,フク,―,8画,3年
表,ヒョウ,おもて・あらわ(す)・あらわ(れる),8画,3年
板,バン・ハン,いた,8画,3年
波,ハ,なみ,8画,3年
定,テイ・ジョウ,さだ(まる)・さだ(める),8画,3年
注,チュウ,そそ(ぐ),8画,3年
昔,―,むかし,8画,3年
所,ショ,ところ,8画,3年
受,ジュ,う(かる)・う(ける),8画,3年
取,シュ,と(る),8画,3年
者,シャ,もの,8画,3年
実,ジツ,み・みの(る),8画,3年
事,ジ,こと,8画,3年
始,シ,はじ(まる)・はじ(める),8画,3年
使,シ,つか(う),8画,3年
幸,コウ,しあわ(せ)・さいわ(い),8画,3年
具,グ,―,8画,3年
苦,ク,くる(しい)・くる(しむ)・くる(しめる)・にが(い)・にが(る),8画,3年
岸,ガン,きし,8画,3年
泳,エイ,およ(ぐ),8画,3年
育,イク,そだ(つ)・そだ(てる)・はぐく(む),8画,3年
委,イ,ゆだ(ねる),8画,3年
例,レイ,たと(える),8画,4年
牧,ボク,―,8画,4年
法,ホウ,―,8画,4年
阜,フ,―,8画,4年
府,フ,―,8画,4年
念,ネン,―,8画,4年
奈,ナ,―,8画,4年
典,テン,―,8画,4年
的,テキ,まと,8画,4年
底,テイ,そこ,8画,4年
卒,ソツ,―,8画,4年
松,ショウ,まつ,8画,4年
周,シュウ,まわ(り),8画,4年
治,ジ,なお(す)・なお(る)・おさ(まる)・おさ(める),8画,4年
参,サン,まい(る),8画,4年
刷,サツ,す(る),8画,4年
固,コ,かた(い)・かた(まる)・かた(める),8画,4年
径,ケイ,―,8画,4年
協,キョウ,―,8画,4年
泣,―,な(く),8画,4年
季,キ,―,8画,4年
官,カン,―,8画,4年
芽,ガ,め,8画,4年
果,カ,は(て)・は(てる)・は(たす),8画,4年
岡,―,おか,8画,4年
英,エイ,―,8画,4年
武,ブ・ム,―,8画,5年
非,ヒ,―,8画,5年
肥,ヒ,こ(やす)・こ(やし)・こ(える)・こえ,8画,5年
版,ハン,―,8画,5年
毒,ドク,―,8画,5年
性,セイ,―,8画,5年
制,セイ,―,8画,5年
招,ショウ,まね(く),8画,5年
述,ジュツ,の(べる),8画,5年
舎,シャ,―,8画,5年
枝,―,えだ,8画,5年
妻,サイ,つま,8画,5年
効,コウ,き(く),8画,5年
居,キョ,い(る),8画,5年
河,カ,かわ,8画,5年
価,カ,―,8画,5年
往,オウ,―,8画,5年
易,エキ・イ,やさ(しい),8画,5年
枚,マイ,―,8画,6年
宝,ホウ,たから,8画,6年
並,―,なら(ぶ)・なら(べる)・なみ・なら(びに),8画,6年
拝,ハイ,おが(む),8画,6年
乳,ニュウ,ちち,8画,6年
届,―,とど(く)・とど(ける),8画,6年
忠,チュウ,―,8画,6年
宙,チュウ,ー,8画,6年
担,タン,―,8画,6年
垂,スイ,た(れる)・た(らす),8画,6年
承,ショウ,―,8画,6年
宗,シュウ,ー,8画,6年
若,―,わか(い),8画,6年
刻,コク,きざ(む),8画,6年
呼,コ,よ(ぶ),8画,6年
券,ケン,―,8画,6年
供,キョウ,とも・さな(える),8画,6年
拡,カク,―,8画,6年
沿,エン,そ(う),8画,6年
延,エン,の(ばす)・の(びる)・の(べる),8画,6年
音,オン,おと・ね,9画,1年
草,ソウ,くさ,9画,1年
思,シ,おも(う),9画,2年
春,シュン,はる,9画,2年
秋,シュウ,あき,9画,2年
風,フウ,かぜ・かざ,9画,2年
食,ショク,た(べる)・く(う),9画,2年
星,セイ,ほし,9画,2年
活,カツ,―,9画,2年
南,ナン,みなみ,9画,2年
計,ケイ,はか(る)・はか(らう),9画,2年
室,シツ,―,9画,2年
海,カイ,うみ,9画,2年
前,ゼン,まえ,9画,2年
後,ゴ・コウ,あと・うし(ろ)・のち,9画,2年
茶,チャ,―,9画,2年
昼,チュウ,ひる,9画,2年
点,テン,―,9画,2年
科,カ,―,9画,2年
首,シュ,くび,9画,2年
洋,ヨウ,―,9画,3年
面,メン,―,9画,3年
負,フ,ま(ける)・ま(かす)・お(う),9画,3年
品,ヒン,しな,9画,3年
秒,ビョウ,―,9画,3年
美,ビ,うつく(しい),9画,3年
発,ハツ,―,9画,3年
畑,―,はたけ・はた,9画,3年
度,ド,―,9画,3年
追,ツイ,お(う),9画,3年
柱,チュウ,はしら,9画,3年
炭,タン,すみ,9画,3年
待,タイ,ま(つ),9画,3年
送,ソウ,おく(る),9画,3年
相,ソウ,あい,9画,3年
神,シン・ジン,かみ,9画,3年
乗,ジョウ,の(る)・の(せる),9画,3年
昭,ショウ,―,9画,3年
重,ジュウ・チョウ,おも(い)・かさ(なる)・かさ(ねる)・え,9画,3年
拾,―,ひろ(う),9画,3年
持,ジ,も(つ),9画,3年
指,シ,ゆび・さ(す),9画,3年
県,ケン,―,9画,3年
研,ケン,―,9画,3年
係,ケイ,かかり・かか(る),9画,3年
級,キュウ,―,9画,3年
急,キュウ,いそ(ぐ),9画,3年
客,キャク,―,9画,3年
界,カイ,―,9画,3年
屋,オク,や,9画,3年
要,ヨウ,かなめ,9画,4年
勇,ユウ,いさ(む),9画,4年
約,ヤク,―,9画,4年
便,ベン・ビン,たよ(り),9画,4年
変,ヘン,か(わる)・か(える),9画,4年
飛,ヒ,と(ぶ)・と(ばす),9画,4年
栃,―,とち,9画,4年
単,たん,―,9画,4年
浅,―,あさ(い),9画,4年
信,シン,―,9画,4年
城,ジョウ,しろ,9画,4年
省,ショウ・セイ,はぶ(く),9画,4年
祝,シュク,いわ(う),9画,4年
昨,サク,―,9画,4年
香,―,かお(り)・かお(る)・か,9画,4年
建,ケン,た(つ)・た(てる),9画,4年
軍,グン,―,9画,4年
栄,エイ,さか(える),9画,4年
茨,―,いばら,9画,4年
迷,―,まよ(う),9画,5年
保,ホ,たも(つ),9画,5年
独,ドク,ひと(り),9画,5年
則,ソク,―,9画,5年
祖,ソ,―,9画,5年
政,セイ,―,9画,5年
査,サ,―,9画,5年
厚,―,あつ(い),9画,5年
故,コ,―,9画,5年
限,ゲン,かぎ(る),9画,5年
型,ケイ,かた,9画,5年
逆,ギャク,さか(らう)・さか,9画,5年
紀,キ,―,9画,5年
律,リツ,―,9画,6年
肺,ハイ,―,9画,6年
背,ハイ,せ・せい,9画,6年
派,ハ,―,9画,6年
段,ダン,―,9画,6年
退,タイ,しりぞ(く)・しりぞ(ける),9画,6年
奏,ソウ,―,9画,6年
染,―,そ(まる)・そ(める),9画,6年
洗,セン,あら(う),9画,6年
泉,セン,いずみ,9画,6年
専,セン,―,9画,6年
宣,セン,―,9画,6年
姿,シ,すがた,9画,6年
砂,サ,すな,9画,6年
紅,コウ,べに,9画,6年
皇,コウ・オウ,ー,9画,6年
看,カン,―,9画,6年
巻,カン,まき・ま(く),9画,6年
革,カク,ー,9画,6年
映,エイ,うつ(す)・うつ(る),9画,6年
胃,イ,―,9画,6年
校,コウ,―,10画,1年
高,コウ,たか・たか(い)・たか(める)・たか(まる),10画,2年
家,カ・ケ,いえ・や,10画,2年
夏,カ,なつ,10画,2年
原,ゲン,はら,10画,2年
帰,キ,かえ(る)・かえ(す),10画,2年
弱,ジャク,よわ(い)・よわ(める)・よわ(まる)・よわ(る),10画,2年
通,ツウ,とお(る)・とお(す)・かよ(う),10画,2年
時,ジ,とき,10画,2年
書,ショ,か(く),10画,2年
馬,バ,うま・ま,10画,2年
記,キ,しる(す),10画,2年
紙,シ,かみ,10画,2年
旅,リョ,たび,10画,3年
流,リュウ,なが(れる)・なが(す),10画,3年
勉,ベン,―,10画,3年
病,ビョウ,やまい,10画,3年
倍,バイ,―,10画,3年
配,ハイ,くば(る),10画,3年
島,トウ,しま,10画,3年
庭,テイ,にわ,10画,3年
速,ソク,はや(い)・はや(まる)・はや(める),10画,3年
息,ソク,いき,10画,3年
真,シン,ま,10画,3年
消,ショウ,け(す)・き(える),10画,3年
酒,シュ,さけ・さか,10画,3年
根,コン,ね,10画,3年
庫,コ,―,10画,3年
宮,キュウ,みや,10画,3年
起,キ,お(きる)・お(こす)・お(こる),10画,3年
荷,―,に,10画,3年
院,イン,―,10画,3年
員,イン,―,10画,3年
連,レン,つ(れる)・つら(なる)・つら(ねる),10画,4年
料,リョウ,―,10画,4年
浴,ヨク,あ(びる)・あ(びせる),10画,4年
梅,バイ,うめ,10画,4年
特,トク,―,10画,4年
徒,ト,―,10画,4年
帯,タイ,おび・お(びる),10画,4年
孫,ソン,まご,10画,4年
倉,ソウ,くら,10画,4年
席,セキ,―,10画,4年
笑,―,わら(う),10画,4年
借,シャク,か(りる),10画,4年
残,ザン,のこ(す)・のこ(る),10画,4年
差,サ,さ(す),10画,4年
候,コウ,―,10画,4年
郡,グン,―,10画,4年
訓,クン,―,10画,4年
挙,キョ,あ(げる)・あ(がる),10画,4年
害,ガイ,―,10画,4年
案,アン,―,10画,4年
留,ル・リュウ,と(まる)・と(める),10画,5年
容,ヨウ,―,10画,5年
脈,ミャク,―,10画,5年
粉,フン,こな・こ,10画,5年
破,ハ,やぶ(れる)・やぶ(る),10画,5年
能,ノウ,―,10画,5年
造,ゾウ,つく(る),10画,5年
素,ソ,―,10画,5年
修,シュウ,おさ(まる)・おさ(める),10画,5年
師,シ,―,10画,5年
殺,サツ,ころ(す),10画,5年
桜,―,さくら,10画,5年
財,ザイ,―,10画,5年
航,コウ,―,10画,5年
耕,コウ,たがや(す),10画,5年
個,コ,―,10画,5年
格,カク,―,10画,5年
益,エキ,―,10画,5年
朗,ロウ,―,10画,6年
陛,ヘイ,―,10画,6年
俵,ヒョウ,たわら,10画,6年
秘,ヒ,―,10画,6年
班,ハン,―,10画,6年
俳,ハイ,―,10画,6年
納,ノウ,おさ(まる)・おさ(める),10画,6年
討,トウ,―,10画,6年
党,トウ,―,10画,6年
展,テン,ー,10画,6年
値,チ,ね,10画,6年
針,シン,はり,10画,6年
将,ショウ,ー,10画,6年
除,ジョ,のぞ(く),10画,6年
純,ジュン,―,10画,6年
従,ジュウ,したが(う)・したが(える),10画,6年
射,シャ,い(る),10画,6年
蚕,サン,かいこ,10画,6年
座,ザ,―,10画,6年
骨,コツ,ほね,10画,6年
降,コウ,ふ(る)・お(りる)・お(ろす),10画,6年
胸,キョウ,むね,10画,6年
株,―,かぶ,10画,6年
恩,オン,―,10画,6年
理,リ,―,11画,2年
魚,ギョ,さかな・うお,11画,2年
鳥,チョウ,とり,11画,2年
週,シュウ,―,11画,2年
教,キョウ,おし(える)・おそ(わる),11画,2年
強,キョウ,つよ(い)・つよ(める)・つよ(まる),11画,2年
細,サイ,ほそ(い)・ほそ(る)・こま(かい)・こま(か),11画,2年
組,ソ,くみ・く(む),11画,2年
船,セン,ふね・ふな,11画,2年
野,ヤ,の,11画,2年
雪,セツ,ゆき,11画,2年
黄,オウ,き,11画,2年
黒,コク,くろ・くろ(い),11画,2年
問,モン,と(い)・と(う)・とん,11画,3年
部,ブ,―,11画,3年
動,ドウ,うご(く)・うご(かす),11画,3年
都,ト・ツ,みやこ,11画,3年
転,テン,ころ(ぶ)・ころ(がる)・ころ(げる)・ころ(がす),11画,3年
笛,テキ,ふえ,11画,3年
帳,チョウ,―,11画,3年
第,ダイ,―,11画,3年
族,ゾク,―,11画,3年
進,シン,すす(む)・すす(める),11画,3年
深,シン,ふか(い)・ふか(める)・ふか(まる),11画,3年
章,ショウ,―,11画,3年
商,ショウ,―,11画,3年
宿,シュク,やど・やど(る)・やど(す),11画,3年
習,シュウ,なら(う),11画,3年
終,シュウ,お(わる)・お(える),11画,3年
祭,サイ,まつ(り)・まつ(る),11画,3年
球,キュウ,たま,11画,3年
悪,アク,わる(い),11画,3年
陸,リク,―,11画,4年
梨,―,なし,11画,4年
望,ボウ,のぞ(む),11画,4年
副,フク,―,11画,4年
票,ヒョウ,―,11画,4年
敗,ハイ,やぶ(れる),11画,4年
側,ソク,がわ,11画,4年
巣,―,す,11画,4年
清,セイ,きよ(まる)・きよ(める)・きよ(い),11画,4年
唱,ショウ,とな(える),11画,4年
鹿,―,しか,11画,4年
産,サン,う(む)・う(まれる),11画,4年
埼,―,さい,11画,4年
崎,―,さき,11画,4年
菜,サイ,な,11画,4年
康,コウ,―,11画,4年
健,ケン,―,11画,4年
械,カイ,―,11画,4年
貨,カ,―,11画,4年
略,リャク,―,11画,5年
率,リツ,ひき(いる),11画,5年
務,ム,つと(まる)・つと(める),11画,5年
婦,フ,―,11画,5年
貧,ビン,まず(しい),11画,5年
得,トク,え(る),11画,5年
堂,ドウ,―,11画,5年
停,テイ,―,11画,5年
張,チョウ,は(る),11画,5年
断,ダン,ことわ(る),11画,5年
設,セツ,もう(ける),11画,5年
接,セツ,―,11画,5年
責,セキ,せ(める),11画,5年
情,ジョウ,なさ(け),11画,5年
常,ジョウ,つね,11画,5年
術,ジュツ,―,11画,5年
授,ジュ,―,11画,5年
採,サイ,と(る),11画,5年
混,コン,ま(ぜる)・ま(ざる)・ま(じる)・こ(む),11画,5年
現,ゲン,あらわ(す)・あらわ(れる),11画,5年
険,ケン,けわ(しい),11画,5年
経,ケイ,へ(る),11画,5年
許,キョ,ゆる(す),11画,5年
救,キュウ,すく(う),11画,5年
規,キ,―,11画,5年
寄,キ,よ(る)・よ(せる),11画,5年
基,キ,―,11画,5年
眼,ガン,―,11画,5年
液,エキ,―,11画,5年
移,イ,うつ(す)・うつ(る),11画,5年
翌,ヨク,―,11画,6年
欲,ヨク,―,11画,6年
郵,ユウ,―,11画,6年
訳,ヤク,わけ,11画,6年
密,ミツ,―,11画,6年
訪,ホウ,たず(ねる),11画,6年
閉,ヘイ,と(じる)・し(まる)・し(める),11画,6年
脳,ノウ,―,11画,6年
頂,チョウ,いただき・いただ(く),11画,6年
著,チョ,―,11画,6年
探,タン,さが(す),11画,6年
窓,ソウ,まど,11画,6年
盛,―,も(る),11画,6年
推,スイ,―,11画,6年
捨,シャ,す(てる),11画,6年
視,シ,―,11画,6年
済,サイ,す(む)・す(ます),11画,6年
郷,キョウ,―,11画,6年
域,イキ,―,11画,6年
異,イ,こと,11画,6年
森,シン,もり,12画,1年
絵,エ・カイ,―,12画,2年
晴,セイ,は(れる)・は(らす),12画,2年
朝,チョウ,あさ,12画,2年
雲,ウン,くも,12画,2年
番,バン,―,12画,2年
道,ドウ,みち,12画,2年
場,ジョウ,ば,12画,2年
答,トウ,こた(え)・こた(える),12画,2年
買,バイ,か(う),12画,2年
間,カン・ケン,あいだ・ま,12画,2年
落,ラク,お(ちる)・お(とす),12画,3年
陽,ヨウ,―,12画,3年
葉,ヨウ,は,12画,3年
遊,ユウ,あそ(ぶ),12画,3年
筆,ヒツ,ふで,12画,3年
悲,ヒ,かな(しい)・かな(しむ),12画,3年
童,ドウ,―,12画,3年
等,トウ,ひと(しい),12画,3年
湯,トウ,ゆ,12画,3年
登,ト・トウ,のぼ(る),12画,3年
着,チャク,き(る)・き(せる)・つ(く)・つ(ける),12画,3年
短,タン,みじか(い),12画,3年
植,ショク,う(える)・う(わる),12画,3年
勝,ショウ,か(つ),12画,3年
暑,ショ,あつ(い),12画,3年
集,シュウ,あつ(まる)・あつ(める),12画,3年
歯,シ,は,12画,3年
港,コウ,みなと,12画,3年
湖,コ,みずうみ,12画,3年
軽,ケイ,かる(い),12画,3年
期,キ,―,12画,3年
寒,カン,さむ(い),12画,3年
階,カイ,―,12画,3年
開,カイ,ひら(く)・ひら(ける)・あ(く)・あ(ける),12画,3年
温,オン,あたた(かい)・あたた(か)・あたた(める)・あたた(まる),12画,3年
運,ウン,はこ(ぶ),12画,3年
飲,イン,の(む),12画,3年
量,リョウ,はか(る),12画,4年
無,ム・ブ,な(い),12画,4年
満,マン,み(たす)・み(ちる),12画,4年
富,フ,とみ・と(む),12画,4年
媛,―,―,12画,4年
飯,ハン,めし,12画,4年
博,ハク,―,12画,4年
達,タツ,―,12画,4年
隊,タイ,―,12画,4年
然,ゼン・ネン,―,12画,4年
焼,―,や(く)・や(ける),12画,4年
順,ジュン,―,12画,4年
滋,―,―,12画,4年
散,サン,ち(る)・ち(らかす)・ち(らかる)・ち(らす),12画,4年
最,サイ,もっと(も),12画,4年
結,ケツ,むす(ぶ),12画,4年
景,ケイ,―,12画,4年
極,キョク,―,12画,4年
給,キュウ,―,12画,4年
覚,カク,おぼ(える)・さ(める)・さ(ます),12画,4年
街,ガイ,まち,12画,4年
賀,ガ,―,12画,4年
貿,ボウ,―,12画,5年
報,ホウ,―,12画,5年
復,フク,―,12画,5年
評,ヒョウ,―,12画,5年
備,ビ,そな(わる)・そな(える),12画,5年
費,ヒ,―,12画,5年
統,トウ,―,12画,5年
程,テイ,―,12画,5年
提,テイ,―,12画,5年
貯,チョ,―,12画,5年
貸,―,か(す),12画,5年
属,ゾク,―,12画,5年
測,ソク,はか(る),12画,5年
絶,ゼツ,た(つ)・た(える)・た(やす),12画,5年
税,ゼイ,―,12画,5年
象,ゾウ・ショウ,―,12画,5年
証,ショウ,―,12画,5年
減,ゲン,へ(る)・へ(らす),12画,5年
検,ケン,―,12画,5年
喜,キ,よろこ(ぶ),12画,5年
過,カ,す(ぎる)・す(ごす),12画,5年
営,エイ,いとな(む),12画,5年
棒,ボウ,―,12画,6年
補,ホ,おぎな(う),12画,6年
晩,バン,―,12画,6年
痛,ツウ,いた(い)・いた(める)・いた(む),12画,6年
尊,ソン,とうと(い)・とうと(ぶ)・たっと(い)・たっと(ぶ),12画,6年
装,ソウ,―,12画,6年
創,ソウ,つく(る),12画,6年
善,ゼン,よ(い),12画,6年
衆,シュウ,―,12画,6年
就,シュウ,―,12画,6年
詞,シ,―,12画,6年
策,サク,―,12画,6年
裁,サイ,さば(く),12画,6年
敬,ケイ,うやま(う),12画,6年
筋,キン,すじ,12画,6年
勤,キン,つと(まる)・つと(める),12画,6年
貴,キ,―,12画,6年
揮,キ,ー,12画,6年
割,―,わり・わ(る)・わ(れる),12画,6年
楽,ラク・ガク,たの(しい)・たの(しむ),13画,2年
園,エン,―,13画,2年
遠,エン,とお(い),13画,2年
数,スウ,かず・かぞ(える),13画,2年
話,ワ,はなし・はな(す),13画,2年
電,デン,―,13画,2年
新,シン,あたら(しい)・あら(た)・にい,13画,2年
路,ロ,じ,13画,3年
福,フク,―,13画,3年
農,ノウ,―,13画,3年
鉄,テツ,―,13画,3年
想,ソウ,―,13画,3年
詩,シ,―,13画,3年
業,ギョウ,―,13画,3年
漢,カン,―,13画,3年
感,カン,―,13画,3年
意,イ,―,13画,3年
暗,アン,くら(い),13画,3年
働,ドウ,はたら(く),13画,4年
置,チ,お(く),13画,4年
続,ゾク,つづ(く)・つづ(ける),13画,4年
戦,セン,たたか(う),13画,4年
節,セツ,ふし,13画,4年
照,ショウ,て(らす)・て(れる)・て(る),13画,4年
辞,ジ,―,13画,4年
試,シ,こころ(みる),13画,4年
群,グン,む(れ)・む(れる)・むら,13画,4年
塩,エン,しお,13画,4年
愛,アイ,―,13画,4年
夢,ム,ゆめ,13画,5年
豊,ホウ,ゆた(か),13画,5年
墓,ボ,はか,13画,5年
損,ソン,―,13画,5年
勢,セイ,いきお(い),13画,5年
準,ジュン,―,13画,5年
飼,シ,か(う),13画,5年
資,シ,―,13画,5年
罪,ザイ,つみ,13画,5年
鉱,コウ,―,13画,5年
禁,キン,―,13画,5年
義,ギ,―,13画,5年
幹,カン,みき,13画,5年
解,カイ,と(く)・と(ける)・と(かす),13画,5年
裏,―,うら,13画,6年
預,ヨ,あず(ける)・あず(かる),13画,6年
盟,メイ,―,13画,6年
幕,バク・マク,―,13画,6年
腹,フク,はら,13画,6年
賃,チン,―,13画,6年
腸,チョウ,―,13画,6年
暖,ダン,あたた(かい)・あたた(まる)・あたた(める)・あたた(か),13画,6年
誠,セイ,―,13画,6年
聖,セイ,―,13画,6年
蒸,ジョウ,―,13画,6年
傷,ショウ,きず,13画,6年
署,ショ,―,13画,6年
源,ゲン,みなもと,13画,6年
絹,―,きぬ,13画,6年
歌,カ,うた・うた(う),14画,2年
聞,ブン,き(く)・き(こえる),14画,2年
語,ゴ,かた(る)・かた(らう),14画,2年
算,サン,―,14画,2年
読,ドク・トク・トウ,よ(む),14画,2年
鳴,メイ,な(る)・な(く)・な(らす),14画,2年
練,レン,ね(る),14画,3年
緑,リョク,みどり,14画,3年
様,ヨウ,さま,14画,3年
鼻,―,はな,14画,3年
銀,ギン,―,14画,3年
駅,エキ,―,14画,3年
徳,トク,―,14画,4年
説,セツ,と(く),14画,4年
静,セイ,しず(か)・しず(める)・しず(まる)・しず,14画,4年
種,シュ,たね,14画,4年
察,サツ,―,14画,4年
熊,―,くま,14画,4年
漁,ギョ・リョウ,―,14画,4年
旗,キ,はた,14画,4年
関,カン,かか(わる)・せき,14画,4年
管,カン,くだ,14画,4年
歴,レキ,―,14画,5年
領,リョウ,―,14画,5年
綿,メン,わた,14画,5年
複,フク,―,14画,5年
銅,ドウ,―,14画,5年
適,テキ,―,14画,5年
態,タイ,―,14画,5年
増,ゾウ,ふ(える)・ふ(やす)・ま(す),14画,5年
像,ゾウ,―,14画,5年
総,ソウ,―,14画,5年
製,セイ,―,14画,5年
精,セイ,―,14画,5年
酸,サン,―,14画,5年
雑,ザツ・ゾウ,―,14画,5年
際,サイ,―,14画,5年
構,コウ,かま(う)・かま(える),14画,5年
境,キョウ,さかい,14画,5年
慣,カン,な(れる)・な(らす),14画,5年
演,エン,―,14画,5年
模,ボ・モ,―,14画,6年
暮,―,く(らす)・く(れる),14画,6年
認,―,みと(める),14画,6年
層,ソウ,ー,14画,6年
銭,セン,―,14画,6年
障,ショウ,―,14画,6年
磁,ジ,ー,14画,6年
誌,シ,―,14画,6年
穀,コク,―,14画,6年
誤,ゴ,あやま(る),14画,6年
疑,ギ,うたが(う),14画,6年
閣,カク,―,14画,6年
線,セン,―,15画,2年
箱,―,はこ,15画,3年
調,チョウ,しら(べる),15画,3年
談,ダン,―,15画,3年
横,オウ,よこ,15画,3年
輪,リン,わ,15画,4年
養,ヨウ,やしな(う),15画,4年
標,ヒョウ,―,15画,4年
熱,ネツ,あつ(い),15画,4年
縄,―,なわ,15画,4年
選,セン,えら(ぶ),15画,4年
器,キ,―,15画,4年
潟,―,かた,15画,4年
課,カ,―,15画,4年
億,オク,―,15画,4年
暴,ボウ,あば(れる),15画,5年
編,ヘン,あ(む),15画,5年
導,ドウ,みちび(く),15画,5年
賞,ショウ,―,15画,5年
質,シツ,―,15画,5年
賛,サン,―,15画,5年
潔,ケツ,―,15画,5年
確,カク,たし(かめる)・たし(か),15画,5年
論,ロン,―,15画,6年
敵,テキ,―,15画,6年
潮,チョウ,しお,15画,6年
誕,タン,―,15画,6年
蔵,ゾウ,―,15画,6年
諸,ショ,―,15画,6年
熟,ジュク,―,15画,6年
権,ケン,―,15画,6年
劇,ゲキ,―,15画,6年
遺,イ,―,15画,6年
頭,トウ・ズ,あたま,16画,2年
親,シン,おや・した(しい)・した(しむ),16画,2年
薬,ヤク,くすり,16画,3年
整,セイ,ととの(う)・ととの(える),16画,3年
橋,キョウ,はし,16画,3年
館,カン,やかた,16画,3年
録,ロク,―,16画,4年
積,セキ,つ(む)・つ(もる),16画,4年
機,キ,―,16画,4年
輸,ユ,―,16画,5年
燃,ネン,も(える)・も(やす)・も(す),16画,5年
築,チク,きず(く),16画,5年
興,キョウ・コウ,―,16画,5年
衛,エイ,―,16画,5年
奮,フン,ふる(う),16画,6年
糖,トウ,―,16画,6年
操,ソウ,―,16画,6年
縦,ジュウ,たて,16画,6年
樹,ジュ,―,16画,6年
鋼,コウ,―,16画,6年
憲,ケン,―,16画,6年
激,ゲキ,はげ(しい),16画,6年
績,セキ,―,17画,5年
謝,シャ,―,17画,5年
講,コウ,―,17画,5年
覧,ラン,―,17画,6年
優,ユウ,―,17画,6年
縮,シュク,ちぢ(む)・ちぢ(まる)・ちぢ(める)・ちぢ(らす)・ちぢ(れる),17画,6年
厳,ゲン,きび(しい),17画,6年
曜,ヨウ,―,18画,2年
顔,ガン,かお,18画,2年
題,ダイ,―,18画,3年
類,ルイ,たぐ(い),18画,4年
験,ケン,―,18画,4年
観,カン,―,18画,4年
職,ショク,―,18画,5年
織,シキ,お(る),18画,5年
額,ガク,ひたい,18画,5年
臨,リン,―,18画,6年
難,ナン,むずか(しい),18画,6年
簡,カン,―,18画,6年
鏡,キョウ,かがみ,19画,4年
願,ガン,ねが(う),19画,4年
識,シキ,―,19画,5年
臓,ゾウ,―,19画,6年
警,ケイ,―,19画,6年
競,キョウ・ケイ,―,20画,4年
議,ギ,―,20画,4年
護,ゴ,―,20画,5年